1,1459296425056,4,-32,92
1,1459296425062,5,-33,92
1,1459296425072,9,-38,92
1,1459296425082,9,-37,92
1,1459296425092,9,-35,91
1,1459296425102,5,-34,91
1,1459296425112,0,-38,92
1,1459296425120,-4,-39,102
1,1459296425131,-5,-37,106
1,1459296425141,-5,-36,106
1,1459296425147,-5,-35,100
1,1459296425157,-3,-34,96
1,1459296425167,-1,-34,92
1,1459296425177,3,-34,92
1,1459296425187,4,-34,93
1,1459296425214,5,-34,92
1,1459296425215,5,-35,96
1,1459296425227,5,-35,97
1,1459296425230,4,-35,97
1,1459296425232,2,-36,98
1,1459296425239,1,-37,99
1,1459296425243,0,-37,99
1,1459296425255,0,-36,100
1,1459296425269,0,-36,101
1,1459296425271,0,-35,100
1,1459296425273,1,-33,99
1,1459296425280,1,-33,98
1,1459296425287,1,-33,99
1,1459296425297,2,-33,98
1,1459296425304,3,-33,98
1,1459296425307,4,-33,98
1,1459296425314,4,-32,98
1,1459296425317,5,-32,97
1,1459296425324,5,-32,96
1,1459296425327,6,-32,97
1,1459296425337,7,-32,97
1,1459296425344,7,-32,98
1,1459296425347,7,-33,102
1,1459296425354,7,-33,101
1,1459296425357,7,-33,100
1,1459296425364,7,-32,100
1,1459296425374,7,-32,99
1,1459296425377,8,-33,97
1,1459296425384,8,-33,96
1,1459296425387,9,-33,96
1,1459296425394,10,-33,96
1,1459296425397,9,-33,95
1,1459296425404,8,-33,94
1,1459296425407,7,-33,94
1,1459296425418,6,-34,94
1,1459296425425,5,-35,94
1,1459296425428,5,-36,95
1,1459296425435,5,-37,95
1,1459296425444,4,-37,96
1,1459296425448,4,-37,97
1,1459296425455,4,-37,96
1,1459296425458,4,-36,96
1,1459296425464,5,-36,95
1,1459296425467,5,-36,93
1,1459296425474,5,-37,92
1,1459296425477,5,-37,91
1,1459296425484,6,-37,90
1,1459296425487,6,-37,91
1,1459296425497,6,-37,92
1,1459296425504,6,-37,96
1,1459296425507,6,-36,96
1,1459296425514,5,-36,96
1,1459296425517,4,-36,96
1,1459296425524,3,-36,95
1,1459296425527,3,-36,94
1,1459296425554,3,-37,94
1,1459296425557,2,-37,95
1,1459296425564,2,-36,95
1,1459296425567,1,-36,94
1,1459296425574,0,-36,94
1,1459296425577,0,-36,93
1,1459296425584,0,-36,91
1,1459296425587,1,-36,91
1,1459296425594,2,-35,90
1,1459296425597,6,-33,90
1,1459296425604,6,-32,91
1,1459296425607,7,-31,92
1,1459296425614,8,-31,93
1,1459296425624,7,-32,94
1,1459296425627,6,-36,95
1,1459296425634,5,-36,95
1,1459296425637,4,-37,95
1,1459296425643,3,-37,95
1,1459296425647,2,-37,95
1,1459296425653,2,-38,95
1,1459296425657,1,-39,95
1,1459296425673,0,-39,95
1,1459296425684,1,-39,96
1,1459296425687,1,-38,97
1,1459296425704,2,-37,97
1,1459296425707,3,-36,97
1,1459296425714,4,-36,97
1,1459296425717,5,-36,97
1,1459296425724,5,-35,97
1,1459296425727,5,-34,97
1,1459296425744,4,-34,97
1,1459296425747,3,-35,97
1,1459296425759,2,-35,98
1,1459296425768,1,-35,98
1,1459296425774,0,-35,98
1,1459296425778,0,-35,97
1,1459296425785,0,-35,96
1,1459296425795,0,-36,96
1,1459296425798,0,-37,96
1,1459296425804,0,-37,97
1,1459296425807,0,-37,98
1,1459296425814,0,-36,102
1,1459296425824,0,-36,103
1,1459296425827,0,-35,104
1,1459296425834,0,-34,105
1,1459296425837,1,-33,105
1,1459296425843,2,-32,104
1,1459296425847,6,-33,104
1,1459296425856,6,-33,103
1,1459296425859,5,-33,102
1,1459296425864,5,-33,101
1,1459296425867,4,-34,100
1,1459296425873,3,-35,100
1,1459296425877,2,-36,101
1,1459296425884,1,-37,101
1,1459296425887,0,-37,101
1,1459296425897,-1,-37,102
1,1459296425904,-1,-38,103
1,1459296425917,-1,-38,102
1,1459296425927,-1,-37,101
1,1459296425934,0,-36,100
1,1459296425937,0,-36,101
1,1459296425944,-1,-35,101
1,1459296425947,0,-33,102
1,1459296425953,1,-33,103
1,1459296425960,2,-33,103
1,1459296425961,2,-32,103
1,1459296425972,2,-33,102
1,1459296425978,2,-33,101
1,1459296425982,1,-33,96
1,1459296425988,0,-33,96
1,1459296425992,0,-34,95
1,1459296425998,0,-35,95
1,1459296426018,0,-36,95
1,1459296426022,0,-37,95
1,1459296426029,0,-36,95
1,1459296426042,0,-35,96
1,1459296426049,0,-33,97
1,1459296426053,1,-33,96
1,1459296426061,2,-33,96
1,1459296426064,2,-33,97
1,1459296426075,1,-34,98
1,1459296426078,1,-35,99
1,1459296426085,0,-36,100
1,1459296426088,-1,-37,101
1,1459296426094,-2,-38,101
1,1459296426098,-3,-39,101
1,1459296426103,-4,-39,101
1,1459296426117,-4,-39,100
1,1459296426124,-4,-39,101
1,1459296426127,-4,-40,106
1,1459296426134,-4,-40,110
1,1459296426137,-4,-39,114
1,1459296426143,-2,-37,114
1,1459296426147,0,-35,113
1,1459296426153,1,-34,112
1,1459296426157,2,-34,113
1,1459296426166,3,-33,114
1,1459296426169,7,-31,114
1,1459296426173,8,-31,113
1,1459296426177,8,-32,111
1,1459296426183,8,-36,109
1,1459296426187,7,-40,108
1,1459296426193,3,-40,109
1,1459296426197,2,-40,109
1,1459296426203,-2,-40,109
1,1459296426207,-6,-40,109
1,1459296426214,-7,-40,114
1,1459296426217,-13,-41,115
1,1459296426224,-17,-41,114
1,1459296426227,-18,-42,114
1,1459296426234,-23,-46,114
1,1459296426237,-27,-45,118
1,1459296426244,-28,-43,118
1,1459296426247,-32,-38,118
1,1459296426254,-32,-38,117
1,1459296426257,-31,-38,112
1,1459296426266,-29,-39,111
1,1459296426269,-24,-38,110
1,1459296426273,-23,-39,114
1,1459296426277,-22,-39,118
1,1459296426283,-23,-40,124
1,1459296426287,-27,-44,128
1,1459296426294,-28,-44,132
1,1459296426297,-29,-44,133
1,1459296426303,-33,-43,133
1,1459296426307,-38,-43,132
1,1459296426313,-44,-41,132
1,1459296426317,-43,-39,132
1,1459296426323,-42,-37,132
1,1459296426330,-40,-36,132
1,1459296426331,-39,-36,133
1,1459296426338,-38,-37,134
1,1459296426342,-42,-42,138
1,1459296426348,-47,-43,139
1,1459296426352,-43,-43,140
1,1459296426358,-43,-44,141
1,1459296426362,-49,-48,142
1,1459296426371,-56,-48,146
1,1459296426374,-60,-48,145
1,1459296426378,-59,-48,144
1,1459296426382,-54,-44,140
1,1459296426388,-52,-40,132
1,1459296426392,-46,-34,124
1,1459296426398,-39,-30,120
1,1459296426402,-27,-22,116
1,1459296426408,-19,-16,112
1,1459296426412,-9,-10,104
1,1459296426418,-4,-9,100
1,1459296426422,-2,-7,94
1,1459296426428,-1,-5,90
1,1459296426432,-1,-3,84
1,1459296426438,-1,-3,83
1,1459296426442,-6,-10,81
1,1459296426449,-14,-14,81
1,1459296426452,-22,-15,82
1,1459296426458,-23,-16,83
1,1459296426462,-29,-22,84
1,1459296426468,-33,-23,92
1,1459296426472,-38,-28,96
1,1459296426479,-45,-34,100
1,1459296426483,-49,-42,106
1,1459296426489,-49,-48,110
1,1459296426493,-50,-48,102
1,1459296426499,-50,-47,96
1,1459296426503,-50,-45,96
1,1459296426509,-48,-44,96
1,1459296426513,-39,-43,92
1,1459296426518,-33,-43,88
1,1459296426522,-32,-41,82
1,1459296426528,-30,-36,81
1,1459296426532,-29,-30,79
1,1459296426549,-29,-24,77
1,1459296426551,-34,-20,77
1,1459296426558,-42,-19,78
1,1459296426562,-31,-17,74
1,1459296426568,-23,-17,68
1,1459296426572,-22,-22,64
1,1459296426578,-22,-26,60
1,1459296426582,-23,-27,56
1,1459296426588,-24,-27,55
1,1459296426592,-25,-26,48
1,1459296426598,-26,-26,44
1,1459296426602,-27,-25,38
1,1459296426608,-28,-25,37
1,1459296426612,-29,-26,32
1,1459296426618,-29,-26,31
1,1459296426622,-28,-26,24
1,1459296426628,-26,-22,18
1,1459296426632,-22,-21,14
1,1459296426638,-21,-16,10
1,1459296426642,-19,-16,6
1,1459296426648,-17,-16,5
1,1459296426652,-16,-15,0
1,1459296426658,-16,-14,-1
1,1459296426662,-15,-13,-6
1,1459296426668,-14,-11,-12
1,1459296426672,-12,-9,-18
1,1459296426678,-8,-7,-24
1,1459296426682,-4,-7,-30
1,1459296426688,0,-7,-34
1,1459296426692,4,-8,-35
1,1459296426698,5,-12,-36
1,1459296426702,11,-13,-37
1,1459296426708,12,-12,-38
1,1459296426712,13,-11,-39
1,1459296426718,13,-9,-40
1,1459296426722,13,-7,-44
1,1459296426728,13,-5,-45
1,1459296426732,13,-4,-50
1,1459296426738,12,-5,-54
1,1459296426742,11,-6,-55
1,1459296426748,10,-7,-64
1,1459296426752,8,-7,-72
1,1459296426758,7,-6,-82
1,1459296426762,6,-2,-92
1,1459296426768,6,4,-100
1,1459296426772,14,14,-106
1,1459296426781,21,22,-110
1,1459296426784,31,26,-114
1,1459296426788,38,26,-118
1,1459296426792,44,22,-118
1,1459296426798,45,16,-122
1,1459296426802,49,10,-123
1,1459296426808,49,6,-121
1,1459296426812,48,6,-114
1,1459296426818,46,10,-104
1,1459296426822,41,20,-90
1,1459296426828,40,30,-70
1,1459296426832,38,40,-46
1,1459296426838,37,48,-22
1,1459296426842,36,54,4
1,1459296426848,36,53,34
1,1459296426852,35,46,62
1,1459296426858,34,40,94
1,1459296426863,21,36,136
1,1459296426870,2,26,182
1,1459296426873,7,18,220
1,1459296426879,-2,12,262
1,1459296426883,-20,2,294
1,1459296426889,-29,-8,312
1,1459296426893,-34,-22,328
1,1459296426899,-39,-34,342
1,1459296426903,-40,-42,352
1,1459296426908,-40,-43,366
1,1459296426912,-34,-48,386
1,1459296426918,-25,-48,404
1,1459296426922,-12,-49,405
1,1459296426928,0,-54,406
1,1459296426932,10,-55,407
1,1459296426938,16,-55,407
1,1459296426942,16,-60,407
1,1459296426948,15,-60,407
1,1459296426952,13,-60,406
1,1459296426958,11,-59,398
1,1459296426962,10,-54,382
1,1459296426968,10,-53,366
1,1459296426972,10,-51,346
1,1459296426978,11,-50,328
1,1459296426982,12,-46,308
1,1459296426988,13,-45,292
1,1459296426992,13,-43,272
1,1459296426998,9,-38,258
1,1459296427002,4,-37,238
1,1459296427008,-1,-35,222
1,1459296427012,-8,-35,204
1,1459296427018,-9,-35,192
1,1459296427022,-10,-35,176
1,1459296427028,-10,-34,166
1,1459296427032,-6,-30,154
1,1459296427038,-4,-26,146
1,1459296427042,2,-22,134
1,1459296427048,6,-21,126
1,1459296427052,11,-19,116
1,1459296427058,16,-17,108
1,1459296427062,17,-15,100
1,1459296427068,18,-13,92
1,1459296427072,18,-12,82
1,1459296427078,18,-11,74
1,1459296427085,18,-10,64
1,1459296427088,18,-9,56
1,1459296427092,18,-8,50
1,1459296427098,19,-8,46
1,1459296427102,19,-7,42
1,1459296427108,19,-6,38
1,1459296427112,19,-6,34
1,1459296427118,19,-6,33
1,1459296427122,19,-6,31
1,1459296427128,19,-6,29
1,1459296427132,20,-6,28
1,1459296427138,19,-7,27
1,1459296427142,17,-7,25
1,1459296427148,13,-8,23
1,1459296427152,12,-9,18
1,1459296427158,11,-10,14
1,1459296427162,11,-14,10
1,1459296427168,11,-14,9
1,1459296427172,10,-15,4
1,1459296427178,9,-15,3
1,1459296427182,8,-15,1
1,1459296427189,8,-15,0
1,1459296427191,8,-15,-4
1,1459296427202,7,-16,-3
1,1459296427210,6,-16,-2
1,1459296427222,6,-16,-1
1,1459296427230,6,-16,0
1,1459296427232,6,-17,6
1,1459296427240,5,-17,7
1,1459296427243,1,-18,8
1,1459296427247,-3,-24,12
1,1459296427253,-4,-25,12
1,1459296427257,-11,-26,13
1,1459296427263,-12,-30,13
1,1459296427267,-13,-31,14
1,1459296427273,-14,-31,18
1,1459296427277,-14,-31,19
1,1459296427283,-13,-32,20
1,1459296427290,-9,-33,26
1,1459296427293,-7,-34,27
1,1459296427297,-3,-35,28
1,1459296427303,-2,-35,32
1,1459296427307,-1,-35,33
1,1459296427313,0,-34,33
1,1459296427317,4,-33,34
1,1459296427323,5,-31,40
1,1459296427327,10,-26,41
1,1459296427333,10,-25,46
1,1459296427337,11,-23,50
1,1459296427343,11,-21,54
1,1459296427347,10,-19,55
1,1459296427353,8,-17,60
1,1459296427357,4,-16,64
1,1459296427363,3,-17,68
1,1459296427367,4,-18,76
1,1459296427373,5,-22,84
1,1459296427377,10,-23,92
1,1459296427383,16,-23,98
1,1459296427387,22,-24,106
1,1459296427394,27,-24,112
1,1459296427396,34,-23,118
1,1459296427405,39,-21,124
1,1459296427407,45,-16,130
1,1459296427415,50,-12,138
1,1459296427417,56,-6,146
1,1459296427425,60,-5,156
1,1459296427427,60,-3,170
1,1459296427435,60,-2,184
1,1459296427437,55,-3,200
1,1459296427445,50,-4,212
1,1459296427447,42,-10,226
1,1459296427455,34,-10,234
1,1459296427457,23,-14,244
1,1459296427465,14,-15,250
1,1459296427467,1,-16,256
1,1459296427475,-6,-20,257
1,1459296427477,-11,-24,262
1,1459296427485,-16,-25,268
1,1459296427487,-22,-25,276
1,1459296427495,-27,-25,277
1,1459296427497,-35,-24,277
1,1459296427505,-44,-23,276
1,1459296427507,-54,-22,268
1,1459296427515,-62,-21,260
1,1459296427517,-71,-16,248
1,1459296427525,-76,-15,240
1,1459296427527,-81,-13,226
1,1459296427535,-82,-11,218
1,1459296427537,-83,-6,204
1,1459296427545,-83,-5,194
1,1459296427547,-83,0,180
1,1459296427555,-82,1,172
1,1459296427557,-78,6,162
1,1459296427565,-76,7,154
1,1459296427567,-75,12,144
1,1459296427575,-75,13,136
1,1459296427577,-82,12,126
1,1459296427585,-89,12,118
1,1459296427587,-98,11,108
1,1459296427597,-102,10,104
1,1459296427600,-102,10,96
1,1459296427602,-100,10,92
1,1459296427608,-96,10,88
1,1459296427612,-91,10,84
1,1459296427618,-86,9,80
1,1459296427622,-81,7,74
1,1459296427628,-77,5,70
1,1459296427632,-72,4,64
1,1459296427638,-67,4,60
1,1459296427642,-65,4,59
1,1459296427648,-61,4,57
1,1459296427652,-60,4,52
1,1459296427658,-59,4,48
1,1459296427662,-59,4,44
1,1459296427668,-58,4,40
1,1459296427672,-57,4,36
1,1459296427678,-55,4,32
1,1459296427682,-54,4,31
1,1459296427688,-53,4,26
1,1459296427692,-51,5,25
1,1459296427698,-49,6,20
1,1459296427702,-48,6,19
1,1459296427708,-47,7,18
1,1459296427712,-45,7,17
1,1459296427718,-44,7,16
1,1459296427722,-40,8,16
1,1459296427728,-39,9,16
1,1459296427732,-38,10,16
1,1459296427738,-36,11,16
1,1459296427742,-35,12,17
1,1459296427748,-33,13,24
1,1459296427752,-32,13,30
1,1459296427758,-31,12,36
1,1459296427762,-31,12,42
1,1459296427768,-31,11,46
1,1459296427772,-32,9,52
1,1459296427778,-36,7,58
1,1459296427782,-36,6,64
1,1459296427788,-40,5,68
1,1459296427792,-40,4,72
1,1459296427798,-41,4,72
1,1459296427802,-41,5,73
1,1459296427815,-40,6,78
1,1459296427829,-38,10,84
1,1459296427831,-31,16,98
1,1459296427832,-26,17,106
1,1459296427841,-25,18,114
1,1459296427844,-24,19,126
1,1459296427848,-23,18,138
1,1459296427854,-23,17,150
1,1459296427858,-22,15,164
1,1459296427864,-22,10,176
1,1459296427868,-26,4,192
1,1459296427873,-32,0,204
1,1459296427877,-39,-4,214
1,1459296427883,-44,-10,218
1,1459296427887,-48,-14,224
1,1459296427893,-48,-18,228
1,1459296427897,-48,-22,234
1,1459296427903,-44,-26,234
1,1459296427907,-37,-27,235
1,1459296427913,-29,-28,235
1,1459296427917,-20,-32,234
1,1459296427923,-13,-33,233
1,1459296427927,-5,-32,226
1,1459296427933,4,-32,220
1,1459296427937,13,-31,214
1,1459296427943,21,-29,208
1,1459296427947,30,-27,202
1,1459296427953,38,-26,196
1,1459296427957,45,-26,190
1,1459296427963,51,-25,184
1,1459296427967,56,-24,176
1,1459296427973,62,-23,170
1,1459296427977,69,-22,164
1,1459296427983,74,-21,158
1,1459296427987,80,-20,152
1,1459296427993,81,-19,142
1,1459296427997,86,-18,134
1,1459296428003,87,-18,124
1,1459296428007,88,-18,114
1,1459296428013,89,-19,104
1,1459296428017,89,-19,96
1,1459296428023,88,-24,86
1,1459296428027,87,-23,74
1,1459296428033,81,-23,70
1,1459296428037,79,-23,62
1,1459296428043,77,-24,54
1,1459296428047,76,-25,50
1,1459296428053,76,-25,49
1,1459296428057,75,-25,48
1,1459296428063,74,-25,48
1,1459296428067,72,-24,48
1,1459296428073,70,-24,49
1,1459296428077,68,-25,48
1,1459296428083,66,-30,48
1,1459296428087,64,-30,48
1,1459296428093,63,-31,47
1,1459296428097,61,-32,46
1,1459296428103,59,-33,45
1,1459296428107,55,-33,43
1,1459296428113,53,-33,41
1,1459296428117,51,-34,36
1,1459296428123,47,-34,36
1,1459296428127,45,-34,35
1,1459296428133,43,-34,34
1,1459296428137,41,-34,34
1,1459296428143,40,-33,35
1,1459296428147,39,-31,36
1,1459296428153,38,-30,40
1,1459296428157,38,-29,44
1,1459296428163,38,-28,45
1,1459296428167,37,-28,52
1,1459296428173,36,-28,56
1,1459296428177,35,-29,60
1,1459296428183,34,-29,64
1,1459296428187,33,-29,70
1,1459296428193,31,-29,74
1,1459296428197,30,-30,82
1,1459296428203,29,-31,86
1,1459296428207,29,-32,90
1,1459296428213,29,-32,94
1,1459296428217,29,-32,98
1,1459296428223,29,-32,99
1,1459296428227,29,-31,104
1,1459296428233,29,-29,105
1,1459296428237,29,-28,106
1,1459296428243,29,-27,110
1,1459296428247,29,-25,111
1,1459296428253,28,-24,112
1,1459296428257,26,-24,113
1,1459296428264,25,-24,114
1,1459296428268,24,-23,118
1,1459296428274,23,-22,119
1,1459296428278,23,-22,120
1,1459296428284,22,-23,126
1,1459296428288,21,-23,132
1,1459296428294,20,-22,140
1,1459296428298,20,-18,150
1,1459296428304,19,-17,158
1,1459296428308,17,-15,166
1,1459296428313,7,-13,180
1,1459296428317,-4,-11,194
1,1459296428323,-11,-9,206
1,1459296428327,-19,-10,216
1,1459296428333,-26,-18,224
1,1459296428337,-32,-24,228
1,1459296428343,-33,-30,229
1,1459296428347,-37,-34,229
1,1459296428353,-37,-33,229
1,1459296428357,-37,-31,228
1,1459296428363,-36,-24,227
1,1459296428367,-34,-18,222
1,1459296428373,-33,-12,221
1,1459296428377,-33,-6,220
1,1459296428383,-34,0,221
1,1459296428387,-41,1,226
1,1459296428393,-46,1,227
1,1459296428397,-50,0,228
1,1459296428403,-55,-1,234
1,1459296428407,-59,-6,235
1,1459296428416,-63,-10,240
1,1459296428419,-64,-14,240
1,1459296428423,-65,-18,239
1,1459296428427,-65,-19,232
1,1459296428433,-64,-19,228
1,1459296428437,-62,-18,220
1,1459296428443,-56,-17,214
1,1459296428447,-51,-12,204
1,1459296428453,-50,-11,194
1,1459296428457,-46,-10,184
1,1459296428463,-44,-6,176
1,1459296428467,-40,-6,164
1,1459296428473,-34,-2,156
1,1459296428477,-29,-1,146
1,1459296428483,-25,0,138
1,1459296428487,-21,4,130
1,1459296428493,-20,4,122
1,1459296428497,-19,5,114
1,1459296428503,-17,5,106
1,1459296428507,-16,5,96
1,1459296428513,-16,4,88
1,1459296428520,-16,3,78
1,1459296428521,-16,1,72
1,1459296428528,-16,0,66
1,1459296428532,-16,-1,58
1,1459296428538,-16,-2,54
1,1459296428542,-16,-3,48
1,1459296428548,-17,-4,42
1,1459296428552,-17,-5,34
1,1459296428558,-18,-6,30
1,1459296428562,-22,-10,24
1,1459296428568,-23,-11,20
1,1459296428572,-23,-11,14
1,1459296428578,-23,-12,8
1,1459296428582,-23,-13,7
1,1459296428588,-22,-14,5
1,1459296428592,-21,-18,4
1,1459296428598,-21,-19,4
1,1459296428602,-21,-20,4
1,1459296428608,-21,-24,3
1,1459296428612,-21,-24,2
1,1459296428621,-25,-24,1
1,1459296428624,-25,-24,0
1,1459296428628,-25,-24,-6
1,1459296428632,-26,-24,-10
1,1459296428638,-26,-24,-14
1,1459296428642,-25,-24,-20
1,1459296428648,-24,-24,-26
1,1459296428652,-20,-23,-27
1,1459296428658,-19,-22,-28
1,1459296428662,-18,-21,-32
1,1459296428668,-17,-20,-32
1,1459296428672,-16,-20,-32
1,1459296428678,-16,-21,-33
1,1459296428682,-17,-21,-33
1,1459296428688,-21,-21,-33
1,1459296428692,-21,-22,-32
1,1459296428699,-22,-22,-32
1,1459296428709,-22,-21,-32
1,1459296428713,-22,-19,-33
1,1459296428735,-21,-17,-34
1,1459296428757,-20,-15,-38
1,1459296428782,-20,-14,-42
1,1459296428804,-14,-8,-56
1,1459296428826,6,6,-80
1,1459296428851,20,22,-92
1,1459296428874,25,38,-82
1,1459296428894,35,52,-58
1,1459296428919,41,70,-18
1,1459296428941,41,100,60
1,1459296428961,14,94,264
1,1459296428986,-32,20,406
1,1459296429006,-60,-12,407
1,1459296429027,-58,-16,402
1,1459296429052,-24,-12,330
1,1459296429075,-2,-11,264
1,1459296429096,2,-11,190
1,1459296429121,-2,-4,136
1,1459296429142,0,-4,118
1,1459296429162,11,-8,110
1,1459296429187,16,-7,98
1,1459296429207,16,-7,88
1,1459296429230,16,-8,76
1,1459296429255,14,-12,60
1,1459296429274,14,-13,48
1,1459296429297,14,-13,30
1,1459296429322,10,-13,22
1,1459296429342,9,-13,14
1,1459296429365,15,-11,18
1,1459296429390,22,-10,36
1,1459296429410,16,-10,66
1,1459296429432,11,-9,96
1,1459296429457,22,-4,138
1,1459296429480,15,-8,216
1,1459296429501,-50,-4,264
1,1459296429526,-75,-5,258
1,1459296429545,-75,-4,234
1,1459296429567,-97,2,178
1,1459296429592,-115,-4,146
1,1459296429615,-100,-3,120
1,1459296429636,-76,2,76
1,1459296429661,-51,3,42
1,1459296429684,-38,3,18
1,1459296429705,-38,-2,6
1,1459296429730,-33,-6,10
1,1459296429755,-31,-14,16
1,1459296429777,-27,-13,22
1,1459296429799,-21,-2,32
1,1459296429822,-11,-8,52
1,1459296429862,-10,-16,76
1,1459296429887,-10,-16,98
1,1459296429909,-9,-26,162
1,1459296429929,-13,-32,180
1,1459296429954,-5,-20,180
1,1459296429972,14,-28,200
1,1459296429995,28,-38,208
1,1459296430020,33,-37,176
1,1459296430039,42,-35,136
1,1459296430062,53,-33,102
1,1459296430087,63,-31,90
1,1459296430106,71,-30,70
1,1459296430130,60,-34,52
1,1459296430181,38,-40,40
1,1459296430204,34,-39,41
1,1459296430226,26,-38,64
1,1459296430251,22,-30,70
1,1459296430272,33,-24,96
1,1459296430294,33,-25,142
1,1459296430319,21,-25,168
1,1459296430344,13,-23,196
1,1459296430364,-11,-8,228
1,1459296430384,-31,4,246
1,1459296430409,-37,10,252
1,1459296430430,-51,6,236
1,1459296430449,-63,14,202
1,1459296430474,-62,13,166
1,1459296430492,-61,11,146
1,1459296430514,-50,12,108
1,1459296430538,-38,22,80
1,1459296430560,-33,23,44
1,1459296430582,-34,21,-4
1,1459296430607,-33,12,-30
1,1459296430632,-27,4,-34
1,1459296430655,-23,-4,-33
1,1459296430677,-21,-4,-40
1,1459296430700,-17,0,-62
1,1459296430725,-10,0,-66
1,1459296430746,-10,-4,-65
1,1459296430765,-21,-4,-65
1,1459296430790,-19,0,-64
1,1459296430812,-5,0,-64
1,1459296430832,12,10,-63
1,1459296430857,20,22,-46
1,1459296430882,30,28,10
1,1459296430905,25,27,116
1,1459296430927,24,-8,258
1,1459296430950,18,-36,322
1,1459296430975,18,-42,338
1,1459296430995,6,-48,339
1,1459296431017,-13,-49,326
1,1459296431042,-29,-58,304
1,1459296431067,-36,-50,244
1,1459296431086,-23,-28,168
1,1459296431107,-9,-20,120
1,1459296431127,2,-16,94
1,1459296431152,9,-16,78
1,1459296431171,10,-16,66
1,1459296431192,8,-20,54
1,1459296431217,6,-21,42
1,1459296431240,7,-22,30
1,1459296431261,15,-22,26
1,1459296431285,16,-18,22
1,1459296431310,15,-12,10
1,1459296431330,21,-16,14
1,1459296431350,32,-22,40
1,1459296431375,38,-16,64
1,1459296431396,34,-12,84
1,1459296431415,15,-13,108
1,1459296431440,-1,-18,142
1,1459296431460,-18,-22,186
1,1459296431481,-42,-22,212
1,1459296431506,-52,-16,211
1,1459296431525,-67,-12,196
1,1459296431547,-76,-24,170
1,1459296431572,-61,-23,164
1,1459296431595,-46,-14,154
1,1459296431616,-47,-15,140
1,1459296431641,-60,-26,124
1,1459296431661,-75,-30,110
1,1459296431682,-82,-20,88
1,1459296431707,-74,-8,68
1,1459296431730,-68,-2,44
1,1459296431751,-74,-8,30
1,1459296431776,-73,-12,29
1,1459296431796,-62,-12,30
1,1459296431819,-49,-11,30
1,1459296431843,-43,-9,34
1,1459296431866,-42,-2,33
1,1459296431885,-42,8,31
1,1459296431910,-36,22,48
1,1459296431931,-35,21,80
1,1459296431952,-52,20,112
1,1459296431977,-53,24,132
1,1459296431999,-57,16,194
1,1459296432021,-51,-10,238
1,1459296432046,-24,-11,208
1,1459296432065,27,-36,246
1,1459296432087,64,-44,272
1,1459296432112,102,-22,198
1,1459296432134,132,-8,132
1,1459296432155,133,-20,86
1,1459296432180,113,-34,68
1,1459296432201,88,-44,67
1,1459296432224,69,-48,60
1,1459296432248,61,-44,50
1,1459296432271,57,-36,42
1,1459296432291,50,-35,43
1,1459296432316,49,-33,72
1,1459296432336,43,-33,90
1,1459296432357,36,-26,108
1,1459296432382,32,-20,118
1,1459296432401,32,-26,152
1,1459296432425,22,-30,206
1,1459296432450,-7,-10,240
1,1459296432469,-52,10,250
1,1459296432492,-69,0,236
1,1459296432517,-65,1,218
1,1459296432540,-72,0,188
1,1459296432560,-58,0,172
1,1459296432585,-41,0,136
1,1459296432605,-32,1,102
1,1459296432627,-24,0,70
1,1459296432652,-18,8,38
1,1459296432672,-10,12,0
1,1459296432695,-9,8,-30
1,1459296432720,-9,4,-31
1,1459296432739,-21,-4,-40
1,1459296432762,-21,-10,-52
1,1459296432787,-14,-9,-52
1,1459296432806,-13,-8,-56
1,1459296432830,-22,-20,-34
1,1459296432855,-34,-28,-16
1,1459296432874,-27,-27,2
1,1459296432897,-19,-26,24
1,1459296432922,-13,-34,42
1,1459296432944,-21,-48,76
1,1459296432966,-21,-28,75
1,1459296432991,1,-12,80
1,1459296433011,27,-18,122
1,1459296433034,14,-38,190
1,1459296433058,-13,-52,228
1,1459296433077,-13,-62,242
1,1459296433100,-12,-66,243
1,1459296433125,-13,-66,224
1,1459296433146,-9,-52,178
1,1459296433167,-8,-40,138
1,1459296433192,-2,-39,116
1,1459296433211,0,-37,98
1,1459296433235,5,-32,80
1,1459296433260,13,-28,72
1,1459296433279,14,-27,68
1,1459296433302,18,-28,74
1,1459296433327,16,-34,80
1,1459296433350,10,-34,79
1,1459296433370,19,-30,70
1,1459296433395,28,-31,69
1,1459296433413,28,-26,67
1,1459296433437,22,-18,62
1,1459296433462,21,-19,63
1,1459296433485,17,-32,90
1,1459296433505,17,-22,102
1,1459296433530,12,-8,114
1,1459296433551,-2,-12,128
1,1459296433574,-9,-20,144
1,1459296433598,-19,-21,164
1,1459296433617,-34,-20,186
1,1459296433640,-40,-14,186
1,1459296433665,-45,-8,172
1,1459296433687,-51,-8,140
1,1459296433710,-52,-9,108
1,1459296433735,-51,-10,86
1,1459296433760,-46,-9,68
1,1459296433782,-39,-8,50
1,1459296433801,-37,-14,40
1,1459296433826,-38,-15,36
1,1459296433847,-37,-14,36
1,1459296433866,-30,-15,50
1,1459296433891,-26,-20,66
1,1459296433910,-25,-16,72
1,1459296433932,-23,-10,80
1,1459296433957,-22,-9,88
1,1459296433977,-21,-4,96
1,1459296434000,-21,-3,102
1,1459296434025,-21,-1,114
1,1459296434043,-21,-2,136
1,1459296434067,-11,-2,146
1,1459296434092,-3,-2,154
1,1459296434115,-3,-14,166
1,1459296434137,-3,-20,162
1,1459296434162,14,-20,156
1,1459296434187,27,-21,138
1,1459296434207,36,-20,112
1,1459296434227,45,-20,98
1,1459296434252,49,-24,97
1,1459296434273,50,-28,88
1,1459296434295,43,-29,80
1,1459296434320,39,-29,84
1,1459296434345,46,-28,98
1,1459296434366,46,-22,92
1,1459296434388,40,-21,92
1,1459296434412,33,-26,106
1,1459296434437,33,-34,120
1,1459296434456,26,-18,144
1,1459296434477,4,-4,166
1,1459296434502,-13,-5,190
1,1459296434521,-31,-5,222
1,1459296434543,-57,-6,214
1,1459296434568,-57,-2,200
1,1459296434590,-47,-1,184
1,1459296434612,-35,6,150
1,1459296434636,-24,5,120
1,1459296434661,-25,0,98
1,1459296434683,-30,-4,68
1,1459296434703,-25,-3,44
1,1459296434729,-24,-4,28
1,1459296434753,-23,-12,20
1,1459296434776,-29,-18,8
1,1459296434797,-44,-10,-8
1,1459296434821,-35,-2,-82
1,1459296434846,-17,2,-102
1,1459296434868,-8,-8,-84
1,1459296434890,-14,-14,-52
1,1459296434913,-23,-14,-36
1,1459296434938,-16,-6,-35
1,1459296434958,-10,-2,-34
1,1459296434981,-6,-1,4
1,1459296435000,8,0,44
1,1459296435025,28,12,92
1,1459296435043,37,22,138
1,1459296435065,46,-2,256
1,1459296435090,32,-30,324
1,1459296435108,-40,-52,332
1,1459296435130,-64,-60,292
1,1459296435155,-35,-50,274
1,1459296435173,2,-46,246
1,1459296435195,14,-30,180
1,1459296435220,14,-20,138
1,1459296435242,9,-21,96
1,1459296435261,16,-28,90
1,1459296435286,17,-29,86
1,1459296435306,9,-30,76
1,1459296435327,-5,-34,58
1,1459296435352,-9,-40,57
1,1459296435373,-17,-44,56
1,1459296435396,-22,-44,42
1,1459296435421,-21,-43,34
1,1459296435440,-14,-41,22
1,1459296435462,-8,-36,10
1,1459296435487,-6,-35,4
1,1459296435508,-4,-33,8
1,1459296435530,0,-26,18
1,1459296435555,11,-20,38
1,1459296435576,27,-20,78
1,1459296435597,26,-21,118
1,1459296435622,15,-14,119
1,1459296435641,19,-2,128
1,1459296435665,15,-8,174
1,1459296435690,-11,-12,196
1,1459296435710,-48,-11,192
1,1459296435732,-62,-6,180
1,1459296435757,-57,-6,188
1,1459296435780,-69,-12,187
1,1459296435802,-88,-11,152
1,1459296435827,-82,-2,114
1,1459296435852,-64,-1,94
1,1459296435875,-44,0,74
1,1459296435896,-30,1,58
1,1459296435920,-29,0,50
1,1459296435945,-23,0,54
1,1459296435963,-15,1,62
1,1459296435985,-10,1,62
1,1459296436010,-9,2,66
1,1459296436028,-9,1,82
1,1459296436051,-13,-4,106
1,1459296436076,-14,-3,116
1,1459296436096,-14,-2,122
1,1459296436117,-9,2,126
1,1459296436142,-14,-6,140
1,1459296436162,-18,-16,158
1,1459296436185,-6,-17,158
1,1459296436210,10,-16,138
1,1459296436235,32,-16,130
1,1459296436257,42,-24,120
1,1459296436278,38,-30,96
1,1459296436302,28,-29,80
1,1459296436327,21,-28,70
1,1459296436347,21,-29,66
1,1459296436367,28,-28,65
1,1459296436392,32,-22,72
1,1459296436411,30,-23,84
1,1459296436432,28,-23,100
1,1459296436457,19,-24,114
1,1459296436477,11,-28,120
1,1459296436500,12,-24,128
1,1459296436525,7,-24,140
1,1459296436550,-1,-30,148
1,1459296436571,0,-30,164
1,1459296436590,-13,-18,170
1,1459296436615,-28,2,169
1,1459296436635,-41,20,169
1,1459296436655,-59,28,186
1,1459296436680,-74,16,194
1,1459296436702,-74,4,178
1,1459296436722,-59,14,150
1,1459296436747,-43,18,128
1,1459296436766,-31,12,102
1,1459296436790,-24,4,82
1,1459296436815,-25,0,60
1,1459296436833,-30,-1,28
1,1459296436857,-26,-1,0
1,1459296436882,-24,-2,-8
1,1459296436902,-22,-10,-22
1,1459296436925,-23,-14,-40
1,1459296436950,-19,-13,-44
1,1459296436972,-18,-12,-52
1,1459296436992,-14,-11,-51
1,1459296437017,-14,-11,-56
1,1459296437038,-14,-12,-56
1,1459296437060,-6,-6,-32
1,1459296437085,0,0,4
1,1459296437106,1,0,74
1,1459296437128,11,-12,160
1,1459296437153,12,-34,244
1,1459296437175,-3,-54,294
1,1459296437196,-18,-68,308
1,1459296437221,-25,-69,280
1,1459296437243,-21,-62,238
1,1459296437266,-12,-46,182
1,1459296437290,-6,-38,146
1,1459296437314,-2,-26,106
1,1459296437334,0,-20,84
1,1459296437356,0,-19,70
1,1459296437381,-1,-19,64
1,1459296437400,-8,-20,56
1,1459296437421,-7,-24,48
1,1459296437446,-1,-23,42
1,1459296437466,0,-21,36
1,1459296437487,4,-16,37
1,1459296437512,3,-17,52
1,1459296437531,-2,-24,64
1,1459296437554,-1,-30,78
1,1459296437579,0,-31,94
1,1459296437601,0,-24,114
1,1459296437622,-7,-25,132
1,1459296437647,-8,-24,140
1,1459296437668,-17,-20,148
1,1459296437689,-39,-10,154
1,1459296437714,-57,-10,153
1,1459296437734,-64,-18,140
1,1459296437757,-65,-18,120
1,1459296437782,-64,-10,102
1,1459296437805,-58,-6,88
1,1459296437827,-50,-6,80
1,1459296437852,-42,-10,84
1,1459296437877,-43,-14,85
1,1459296437896,-44,-10,83
1,1459296437917,-39,0,68
1,1459296437942,-34,6,67
1,1459296437961,-33,7,67
1,1459296437983,-34,5,78
1,1459296438008,-35,5,82
1,1459296438028,-35,5,88
1,1459296438074,-34,5,98
1,1459296438096,-33,4,106
1,1459296438118,-31,4,120
1,1459296438143,-29,4,138
1,1459296438163,-24,5,150
1,1459296438186,-19,-2,162
1,1459296438211,-7,-8,166
1,1459296438229,10,-7,162
1,1459296438252,28,-14,152
1,1459296438277,46,-24,142
1,1459296438297,61,-28,128
1,1459296438319,69,-22,96
1,1459296438344,73,-23,78
1,1459296438367,73,-30,70
1,1459296438389,57,-36,69
1,1459296438414,44,-36,64
1,1459296438439,33,-36,68
1,1459296438458,32,-35,74
1,1459296438479,30,-33,80
1,1459296438504,26,-31,84
1,1459296438526,25,-30,100
1,1459296438546,25,-36,120
1,1459296438571,35,-50,154
1,1459296438592,42,-56,208
1,1459296438613,31,-40,236
1,1459296438638,14,-22,228
1,1459296438657,-7,-6,214
1,1459296438679,-43,-6,202
1,1459296438704,-65,-7,184
1,1459296438724,-63,6,146
1,1459296438747,-49,14,104
1,1459296438772,-39,15,78
1,1459296438794,-34,10,54
1,1459296438814,-38,4,22
1,1459296438839,-38,-6,-2
1,1459296438861,-37,-10,-8
1,1459296438882,-29,-18,-9
1,1459296438907,-20,-22,-10
1,1459296438929,-21,-22,-24
1,1459296438952,-30,-23,-38
1,1459296438972,-24,-23,-38
1,1459296438996,-17,-23,-30
1,1459296439004,-15,-24,-20
1,1459296439008,-16,-28,-16
1,1459296439014,-20,-28,-16
1,1459296439017,-20,-27,-17
1,1459296439023,-20,-26,-17
1,1459296439027,-19,-25,-16
1,1459296439033,-17,-23,-16
1,1459296439037,-13,-21,-17
1,1459296439043,-12,-16,-16
1,1459296439047,-10,-12,-16
1,1459296439053,-8,-11,-15
1,1459296439057,-7,-6,-13
1,1459296439065,-5,-5,-8
1,1459296439068,-1,0,-2
1,1459296439073,0,0,4
1,1459296439077,1,1,12
1,1459296439083,6,1,22
1,1459296439087,6,1,38
1,1459296439093,6,0,48
1,1459296439097,5,0,62
1,1459296439103,4,0,72
1,1459296439107,4,4,86
1,1459296439113,5,5,98
1,1459296439118,9,10,118
1,1459296439124,10,10,136
1,1459296439128,14,10,160
1,1459296439134,15,9,180
1,1459296439138,16,4,212
1,1459296439144,17,-2,236
1,1459296439148,15,-10,268
1,1459296439154,9,-18,288
1,1459296439158,1,-26,304
1,1459296439163,-5,-30,312
1,1459296439167,-13,-34,318
1,1459296439173,-19,-34,318
1,1459296439177,-24,-34,314
1,1459296439183,-25,-35,306
1,1459296439187,-29,-36,296
1,1459296439193,-29,-40,286
1,1459296439197,-28,-40,278
1,1459296439203,-27,-39,272
1,1459296439207,-23,-37,266
1,1459296439213,-19,-36,260
1,1459296439217,-14,-35,256
1,1459296439223,-10,-33,252
1,1459296439227,-5,-32,248
1,1459296439233,-3,-32,247
1,1459296439237,1,-32,240
1,1459296439243,1,-32,236
1,1459296439247,2,-32,228
1,1459296439253,2,-32,222
1,1459296439257,2,-32,214
1,1459296439263,2,-33,208
1,1459296439267,1,-32,198
1,1459296439273,0,-33,192
1,1459296439277,-5,-33,184
1,1459296439283,-5,-33,176
1,1459296439287,-5,-33,168
1,1459296439293,-5,-32,162
1,1459296439297,-5,-31,154
1,1459296439303,-5,-26,148
1,1459296439307,-4,-25,140
1,1459296439313,-3,-23,136
1,1459296439317,-1,-22,128
1,1459296439323,3,-21,122
1,1459296439327,4,-20,116
1,1459296439333,8,-20,112
1,1459296439337,9,-20,108
1,1459296439343,10,-20,104
1,1459296439347,14,-20,100
1,1459296439353,14,-20,99
1,1459296439357,14,-20,94
1,1459296439363,14,-20,90
1,1459296439367,13,-20,89
1,1459296439373,12,-20,84
1,1459296439377,12,-20,80
1,1459296439383,11,-20,76
1,1459296439387,10,-20,72
1,1459296439393,10,-20,68
1,1459296439397,9,-20,64
1,1459296439403,8,-20,63
1,1459296439407,7,-20,61
1,1459296439413,7,-20,56
1,1459296439417,7,-20,55
1,1459296439423,8,-20,53
1,1459296439427,8,-20,51
1,1459296439433,8,-20,49
1,1459296439437,7,-20,44
1,1459296439443,6,-21,43
1,1459296439447,6,-21,41
1,1459296439453,6,-21,36
1,1459296439457,7,-22,35
1,1459296439463,7,-23,34
1,1459296439467,8,-23,33
1,1459296439473,9,-22,31
1,1459296439477,9,-22,30
1,1459296439483,10,-22,29
1,1459296439488,10,-21,28
1,1459296439494,11,-20,28
1,1459296439498,12,-19,28
1,1459296439504,13,-18,29
1,1459296439508,18,-18,30
1,1459296439514,18,-18,34
1,1459296439518,19,-18,34
1,1459296439524,19,-19,35
1,1459296439528,19,-19,36
1,1459296439533,20,-20,42
1,1459296439537,20,-21,42
1,1459296439543,20,-22,46
1,1459296439547,20,-23,47
1,1459296439553,20,-23,48
1,1459296439557,21,-22,52
1,1459296439563,21,-22,53
1,1459296439567,22,-21,54
1,1459296439573,23,-19,55
1,1459296439577,24,-14,60
1,1459296439583,24,-13,61
1,1459296439587,24,-12,68
1,1459296439593,23,-12,69
1,1459296439597,22,-12,76
1,1459296439603,21,-11,80
1,1459296439607,20,-10,84
1,1459296439613,19,-10,88
1,1459296439617,18,-10,94
1,1459296439623,17,-11,98
1,1459296439627,17,-11,102
1,1459296439633,17,-11,106
1,1459296439637,18,-10,112
1,1459296439643,19,-10,118
1,1459296439647,20,-9,126
1,1459296439653,24,-7,132
1,1459296439657,24,-5,142
1,1459296439663,23,-4,152
1,1459296439667,17,-4,162
1,1459296439673,12,-5,170
1,1459296439677,1,-6,178
1,1459296439683,-7,-10,182
1,1459296439687,-19,-11,183
1,1459296439693,-28,-12,184
1,1459296439697,-36,-16,184
1,1459296439703,-41,-16,183
1,1459296439707,-46,-17,181
1,1459296439713,-47,-17,179
1,1459296439717,-51,-16,178
1,1459296439723,-52,-16,177
1,1459296439727,-53,-15,175
1,1459296439733,-57,-13,173
1,1459296439737,-58,-11,171
1,1459296439743,-64,-10,170
1,1459296439747,-68,-10,170
1,1459296439753,-72,-10,169
1,1459296439757,-76,-10,167
1,1459296439764,-81,-10,162
1,1459296439768,-82,-9,161
1,1459296439774,-87,-8,159
1,1459296439778,-88,-7,154
1,1459296439784,-89,-5,150
1,1459296439788,-90,-4,149
1,1459296439794,-91,-4,144
1,1459296439798,-95,-4,140
1,1459296439803,-96,-5,136
1,1459296439807,-97,-5,132
1,1459296439813,-98,-5,128
1,1459296439817,-98,-5,124
1,1459296439823,-98,-5,120
1,1459296439827,-97,-4,116
1,1459296439833,-95,-4,110
1,1459296439837,-90,-3,106
1,1459296439843,-88,-2,102
1,1459296439847,-84,-1,98
1,1459296439853,-83,0,97
1,1459296439857,-82,0,92
1,1459296439863,-78,0,84
1,1459296439867,-77,1,78
1,1459296439873,-76,1,74
1,1459296439877,-74,1,73
1,1459296439883,-70,0,71
1,1459296439887,-69,-1,69
1,1459296439893,-68,-1,67
1,1459296439897,-67,-2,65
1,1459296439903,-65,-3,64
1,1459296439907,-63,-4,64
1,1459296439913,-59,-5,64
1,1459296439917,-58,-6,65
1,1459296439923,-54,-10,65
1,1459296439927,-52,-10,65
1,1459296439933,-50,-10,66
1,1459296439937,-48,-10,67
1,1459296439943,-44,-9,67
1,1459296439947,-42,-7,67
1,1459296439953,-41,-6,67
1,1459296439957,-40,-5,66
1,1459296439963,-39,-3,66
1,1459296439967,-38,-1,65
1,1459296439973,-38,0,63
1,1459296439977,-37,4,58
1,1459296439983,-36,4,57
1,1459296439987,-36,5,55
1,1459296439993,-36,6,53
1,1459296439997,-35,10,51
1,1459296440003,-34,11,49
1,1459296440007,-33,12,48
1,1459296440013,-31,13,47
1,1459296440017,-30,14,46
1,1459296440023,-28,15,46
1,1459296440027,-27,15,47
1,1459296440033,-27,15,48
1,1459296440037,-26,15,52
1,1459296440043,-26,15,53
1,1459296440047,-27,16,54
1,1459296440053,-27,17,58
1,1459296440063,-28,17,59
1,1459296440067,-28,18,59
1,1459296440073,-28,19,59
1,1459296440077,-28,20,60
1,1459296440083,-27,24,64
1,1459296440089,-27,24,68
1,1459296440093,-28,24,72
1,1459296440097,-32,24,76
1,1459296440103,-33,23,80
1,1459296440107,-34,22,84
1,1459296440113,-38,22,88
1,1459296440117,-38,22,92
1,1459296440123,-39,21,96
1,1459296440127,-40,20,100
1,1459296440133,-41,19,106
1,1459296440137,-41,17,110
1,1459296440143,-41,15,114
1,1459296440147,-41,14,118
1,1459296440153,-41,10,122
1,1459296440157,-42,9,126
1,1459296440163,-42,7,130
1,1459296440167,-42,5,134
1,1459296440173,-42,5,140
1,1459296440177,-41,5,146
1,1459296440183,-40,6,150
1,1459296440187,-39,10,156
1,1459296440193,-38,11,162
1,1459296440195,-37,11,166
1,1459296440204,-35,12,172
1,1459296440208,-34,13,176
1,1459296440212,-33,13,180
1,1459296440218,-31,12,186
1,1459296440222,-30,8,190
1,1459296440228,-30,4,196
1,1459296440232,-30,-2,204
1,1459296440238,-30,-6,208
1,1459296440242,-29,-10,214
1,1459296440248,-28,-10,215
1,1459296440252,-24,-10,220
1,1459296440258,-20,-10,221
1,1459296440262,-14,-10,221
1,1459296440268,-10,-10,219
1,1459296440272,-4,-9,214
1,1459296440278,2,-8,208
1,1459296440282,9,-7,202
1,1459296440288,14,-6,194
1,1459296440294,21,-7,186
1,1459296440298,25,-7,176
1,1459296440302,26,-7,168
1,1459296440308,33,-7,162
1,1459296440312,37,-8,156
1,1459296440318,41,-9,150
1,1459296440322,42,-10,146
1,1459296440328,48,-11,142
1,1459296440332,49,-12,136
1,1459296440338,50,-16,135
1,1459296440342,54,-16,130
1,1459296440348,55,-16,126
1,1459296440352,59,-17,122
1,1459296440358,60,-17,118
1,1459296440362,64,-18,114
1,1459296440368,64,-22,110
1,1459296440372,64,-22,106
1,1459296440378,64,-23,102
1,1459296440382,63,-24,96
1,1459296440388,62,-25,92
1,1459296440392,60,-26,86
1,1459296440398,56,-30,82
1,1459296440402,55,-30,76
1,1459296440408,53,-31,72
1,1459296440412,52,-31,66
1,1459296440418,50,-31,65
1,1459296440422,48,-31,60
1,1459296440428,46,-31,59
1,1459296440432,45,-31,58
1,1459296440438,45,-30,57
1,1459296440442,45,-30,56
1,1459296440448,45,-30,55
1,1459296440468,46,-30,56
1,1459296440472,45,-30,60
1,1459296440478,45,-31,61
1,1459296440482,45,-31,62
1,1459296440488,44,-32,66
1,1459296440493,43,-33,70
1,1459296440494,41,-33,71
1,1459296440507,37,-33,76
1,1459296440509,33,-33,77
1,1459296440512,29,-33,78
1,1459296440518,27,-32,82
1,1459296440522,25,-32,82
1,1459296440528,24,-31,83
1,1459296440532,24,-26,84
1,1459296440538,25,-25,90
1,1459296440542,26,-24,91
1,1459296440547,25,-23,96
1,1459296440552,23,-22,97
1,1459296440558,18,-22,104
1,1459296440562,12,-23,108
1,1459296440568,10,-23,112
1,1459296440572,5,-23,113
1,1459296440578,4,-23,114
1,1459296440582,2,-23,118
1,1459296440588,1,-23,119
1,1459296440592,0,-23,124
1,1459296440598,0,-23,128
1,1459296440602,-1,-23,132
1,1459296440614,-6,-23,136
1,1459296440628,-7,-23,142
1,1459296440631,-12,-24,158
1,1459296440632,-13,-25,164
1,1459296440639,-14,-25,168
1,1459296440643,-15,-26,172
1,1459296440647,-16,-27,178
1,1459296440653,-17,-27,179
1,1459296440657,-17,-27,184
1,1459296440663,-17,-28,185
1,1459296440667,-17,-29,186
1,1459296440673,-17,-29,187
1,1459296440677,-16,-24,192
1,1459296440683,-16,-20,198
1,1459296440687,-20,-14,206
1,1459296440693,-24,-8,214
1,1459296440697,-30,-4,222
1,1459296440704,-36,0,228
1,1459296440708,-46,6,236
1,1459296440714,-56,7,242
1,1459296440718,-67,6,246
1,1459296440724,-76,2,247
1,1459296440728,-84,-2,247
1,1459296440734,-89,-8,247
1,1459296440737,-96,-14,247
1,1459296440744,-97,-20,247
1,1459296440747,-101,-21,247
1,1459296440753,-101,-22,246
1,1459296440757,-101,-23,245
1,1459296440763,-100,-22,238
1,1459296440767,-93,-18,228
1,1459296440773,-86,-14,216
1,1459296440777,-78,-8,204
1,1459296440783,-68,-2,192
1,1459296440787,-60,2,178
1,1459296440793,-52,6,166
1,1459296440797,-45,12,154
1,1459296440803,-38,16,144
1,1459296440807,-32,22,132
1,1459296440813,-26,23,122
1,1459296440817,-20,24,112
1,1459296440823,-18,25,102
1,1459296440827,-12,25,94
1,1459296440833,-11,24,86
1,1459296440837,-7,24,78
1,1459296440843,-5,24,72
1,1459296440847,-1,24,64
1,1459296440853,-1,24,56
1,1459296440857,0,23,46
1,1459296440863,1,21,36
1,1459296440867,1,19,26
1,1459296440873,1,17,18
1,1459296440877,1,15,10
1,1459296440883,1,13,4
1,1459296440887,1,11,3
1,1459296440893,0,9,1
1,1459296440897,-6,7,1
1,1459296440903,-11,5,1
1,1459296440907,-15,3,1
1,1459296440913,-20,1,1
1,1459296440917,-25,0,1
1,1459296440923,-26,-4,1
1,1459296440927,-31,-5,0
1,1459296440933,-32,-6,0
1,1459296440937,-37,-7,-4
1,1459296440943,-37,-8,-8
1,1459296440947,-37,-9,-14
1,1459296440953,-37,-10,-15
1,1459296440957,-36,-14,-20
1,1459296440963,-36,-14,-21
1,1459296440967,-35,-15,-26
1,1459296440973,-31,-15,-27
1,1459296440977,-29,-14,-27
1,1459296440983,-24,-14,-27
1,1459296440987,-19,-14,-27
1,1459296440993,-17,-14,-26
1,1459296440997,-13,-14,-25
1,1459296441003,-12,-15,-23
1,1459296441007,-11,-15,-21
1,1459296441013,-11,-14,-19
1,1459296441017,-12,-15,-17
1,1459296441023,-12,-14,-16
1,1459296441027,-16,-14,-17
1,1459296441033,-17,-15,-22
1,1459296441037,-21,-16,-26
1,1459296441043,-21,-20,-30
1,1459296441047,-21,-21,-31
1,1459296441053,-21,-22,-36
1,1459296441057,-20,-23,-40
1,1459296441063,-20,-23,-44
1,1459296441067,-20,-23,-45
1,1459296441073,-19,-23,-46
1,1459296441077,-15,-23,-47
1,1459296441083,-13,-23,-46
1,1459296441087,-8,-23,-45
1,1459296441093,-7,-23,-40
1,1459296441097,-3,-22,-36
1,1459296441103,-2,-21,-32
1,1459296441107,-1,-20,-31
1,1459296441113,0,-19,-30
1,1459296441117,0,-18,-30
1,1459296441123,-1,-18,-31
1,1459296441127,-6,-18,-32
1,1459296441133,-10,-19,-36
1,1459296441137,-11,-19,-37
1,1459296441143,-16,-19,-38
1,1459296441147,-16,-19,-39
1,1459296441153,-16,-18,-40
1,1459296441157,-15,-17,-41
1,1459296441163,-14,-16,-41
1,1459296441167,-12,-15,-41
1,1459296441173,-10,-13,-41
1,1459296441177,-5,-11,-40
1,1459296441183,-1,-6,-36
1,1459296441187,3,-2,-30
1,1459296441193,4,2,-24
1,1459296441197,9,6,-18
1,1459296441204,9,10,-10
1,1459296441207,13,16,2
1,1459296441214,14,22,14
1,1459296441217,19,28,32
1,1459296441224,20,32,50
1,1459296441227,21,36,70
1,1459296441234,21,42,90
1,1459296441237,17,46,110
1,1459296441243,9,50,136
1,1459296441247,2,54,164
1,1459296441253,-7,54,198
1,1459296441257,-18,53,236
1,1459296441263,-30,46,278
1,1459296441267,-40,32,318
1,1459296441273,-49,16,354
1,1459296441277,-62,0,386
1,1459296441283,-75,-8,404
1,1459296441287,-85,-12,408
1,1459296441293,-91,-16,408
1,1459296441297,-96,-16,407
1,1459296441303,-97,-16,402
1,1459296441307,-97,-16,388
1,1459296441313,-91,-15,370
1,1459296441319,-82,-8,354
1,1459296441320,-72,-2,336
1,1459296441328,-61,-1,322
1,1459296441332,-45,0,302
1,1459296441338,-33,4,290
1,1459296441342,-21,4,278
1,1459296441348,-14,4,270
1,1459296441352,-6,4,260
1,1459296441358,-1,5,254
1,1459296441362,0,4,246
1,1459296441368,0,3,240
1,1459296441372,0,1,234
1,1459296441378,-1,0,228
1,1459296441382,-1,-1,220
1,1459296441388,0,-2,214
1,1459296441392,0,-3,206
1,1459296441398,1,-3,198
1,1459296441402,2,-3,188
1,1459296441408,2,-4,180
1,1459296441412,1,-5,170
1,1459296441420,1,-5,162
1,1459296441423,1,-5,152
1,1459296441428,2,-4,146
1,1459296441432,2,-3,138
1,1459296441438,2,-2,130
1,1459296441442,3,-2,120
1,1459296441448,4,-2,110
1,1459296441452,8,-2,102
1,1459296441458,9,-2,94
1,1459296441462,10,-2,86
1,1459296441468,14,-1,82
1,1459296441472,14,0,76
1,1459296441478,13,-1,72
1,1459296441482,12,-1,72
1,1459296441488,11,-1,71
1,1459296441492,11,-1,69
1,1459296441498,11,-2,67
1,1459296441502,10,-6,65
1,1459296441508,10,-7,64
1,1459296441512,9,-8,65
1,1459296441518,8,-12,65
1,1459296441524,7,-13,64
1,1459296441525,6,-13,64
1,1459296441534,5,-14,64
1,1459296441537,4,-15,60
1,1459296441544,3,-15,60
1,1459296441547,2,-16,56
1,1459296441554,1,-17,55
1,1459296441557,1,-17,50
1,1459296441564,1,-17,46
1,1459296441567,0,-17,42
1,1459296441573,0,-17,38
1,1459296441577,-1,-16,32
1,1459296441583,-1,-16,28
1,1459296441587,-1,-15,24
1,1459296441593,-1,-14,20
1,1459296441597,0,-13,16
1,1459296441603,0,-12,15
1,1459296441607,0,-8,13
1,1459296441613,1,-8,8
1,1459296441617,2,-7,7
1,1459296441625,3,-5,6
1,1459296441628,3,-5,5
1,1459296441633,3,-5,3
1,1459296441637,2,-6,1
1,1459296441643,1,-10,0
1,1459296441647,0,-11,1
1,1459296441653,0,-16,2
1,1459296441657,0,-17,6
1,1459296441663,-1,-18,7
1,1459296441667,-5,-24,12
1,1459296441673,-5,-24,16
1,1459296441677,-6,-24,20
1,1459296441683,-7,-24,24
1,1459296441687,-8,-23,30
1,1459296441693,-9,-22,34
1,1459296441697,-9,-22,38
1,1459296441703,-10,-21,42
1,1459296441707,-9,-20,43
1,1459296441713,-9,-20,44
1,1459296441717,-8,-21,50
1,1459296441723,-7,-21,56
1,1459296441729,-5,-26,64
1,1459296441730,-4,-27,70
1,1459296441738,-3,-32,78
1,1459296441742,-2,-36,90
1,1459296441748,-2,-40,102
1,1459296441752,-3,-41,118
1,1459296441758,-9,-40,130
1,1459296441762,-16,-40,148
1,1459296441768,-23,-39,158
1,1459296441772,-32,-37,168
1,1459296441778,-38,-35,172
1,1459296441782,-46,-33,176
1,1459296441788,-50,-31,176
1,1459296441792,-51,-29,175
1,1459296441798,-55,-27,173
1,1459296441802,-55,-26,171
1,1459296441808,-54,-26,166
1,1459296441812,-52,-25,167
1,1459296441818,-48,-20,167
1,1459296441822,-46,-19,167
1,1459296441828,-42,-17,167
1,1459296441832,-41,-16,168
1,1459296441839,-40,-16,172
1,1459296441842,-41,-17,178
1,1459296441849,-47,-18,182
1,1459296441852,-53,-22,183
1,1459296441859,-62,-26,188
1,1459296441862,-73,-27,188
1,1459296441869,-81,-28,187
1,1459296441872,-89,-32,182
1,1459296441878,-93,-32,178
1,1459296441882,-98,-32,172
1,1459296441888,-99,-31,166
1,1459296441892,-99,-30,160
1,1459296441908,-98,-29,152
1,1459296441910,-93,-27,144
1,1459296441918,-87,-25,134
1,1459296441922,-76,-14,124
1,1459296441928,-71,-13,120
1,1459296441932,-67,-8,116
1,1459296441938,-65,-7,112
1,1459296441942,-61,-5,106
1,1459296441948,-60,-3,102
1,1459296441952,-55,-2,96
1,1459296441958,-53,-2,90
1,1459296441962,-52,-2,84
1,1459296441968,-50,-2,78
1,1459296441972,-49,-3,70
1,1459296441978,-49,-4,66
1,1459296441982,-49,-5,62
1,1459296441988,-50,-6,58
1,1459296441992,-50,-10,57
1,1459296441998,-51,-10,56
1,1459296442002,-52,-11,55
1,1459296442008,-52,-11,53
1,1459296442012,-53,-12,52
1,1459296442018,-54,-13,52
1,1459296442022,-61,-14,52
1,1459296442028,-62,-15,53
1,1459296442032,-63,-20,53
1,1459296442038,-64,-20,54
1,1459296442042,-65,-21,58
1,1459296442048,-65,-21,59
1,1459296442052,-65,-21,60
1,1459296442058,-64,-22,64
1,1459296442062,-63,-22,64
1,1459296442068,-61,-23,64
1,1459296442072,-59,-22,64
1,1459296442078,-57,-21,64
1,1459296442082,-56,-19,63
1,1459296442088,-55,-17,61
1,1459296442092,-54,-16,59
1,1459296442098,-53,-15,57
1,1459296442102,-52,-13,55
1,1459296442108,-51,-12,54
1,1459296442112,-50,-11,53
1,1459296442118,-49,-10,52
1,1459296442122,-47,-9,51
1,1459296442128,-45,-8,50
1,1459296442132,-43,-7,50
1,1459296442138,-41,-5,49
1,1459296442142,-39,-3,47
1,1459296442148,-37,-2,45
1,1459296442152,-36,-1,44
1,1459296442158,-35,0,48
1,1459296442162,-35,0,52
1,1459296442168,-36,0,56
1,1459296442172,-36,-1,56
1,1459296442178,-36,-2,57
1,1459296442182,-37,-3,62
1,1459296442188,-38,-4,63
1,1459296442192,-39,-4,68
1,1459296442198,-39,-4,72
1,1459296442202,-39,-4,76
1,1459296442212,-39,-3,80
1,1459296442218,-38,-2,81
1,1459296442222,-38,-1,88
1,1459296442228,-38,0,92
1,1459296442232,-39,0,96
1,1459296442238,-40,0,100
1,1459296442242,-40,0,106
1,1459296442249,-39,0,110
1,1459296442252,-38,0,116
1,1459296442259,-36,1,117
1,1459296442262,-35,1,122
1,1459296442269,-34,2,123
1,1459296442272,-33,6,124
1,1459296442279,-32,6,125
1,1459296442283,-31,7,126
1,1459296442288,-31,7,130
1,1459296442292,-32,7,134
1,1459296442298,-32,7,135
1,1459296442302,-32,6,142
1,1459296442308,-32,5,148
1,1459296442312,-31,3,156
1,1459296442318,-30,1,162
1,1459296442322,-29,0,170
1,1459296442328,-27,-1,176
1,1459296442332,-23,-2,182
1,1459296442338,-21,-6,186
1,1459296442342,-20,-7,186
1,1459296442348,-19,-8,186
1,1459296442352,-18,-12,185
1,1459296442358,-16,-13,184
1,1459296442362,-9,-14,185
1,1459296442368,-5,-15,185
1,1459296442372,-1,-15,185
1,1459296442378,4,-14,185
1,1459296442382,9,-14,184
1,1459296442388,15,-13,184
1,1459296442392,21,-12,183
1,1459296442398,27,-12,182
1,1459296442402,34,-12,181
1,1459296442408,38,-12,179
1,1459296442412,42,-12,172
1,1459296442418,43,-12,166
1,1459296442422,47,-13,158
1,1459296442428,48,-13,150
1,1459296442432,52,-14,142
1,1459296442438,52,-15,134
1,1459296442442,53,-16,126
1,1459296442448,54,-17,118
1,1459296442452,55,-18,112
1,1459296442458,56,-22,106
1,1459296442462,56,-23,102
1,1459296442468,56,-24,98
1,1459296442472,55,-28,94
1,1459296442478,54,-29,90
1,1459296442482,52,-30,89
1,1459296442488,50,-34,84
1,1459296442492,48,-34,83
1,1459296442498,44,-35,78
1,1459296442502,43,-36,77
1,1459296442508,41,-37,72
1,1459296442512,37,-38,71
1,1459296442518,35,-39,69
1,1459296442522,31,-40,67
1,1459296442528,31,-41,62
1,1459296442532,31,-41,61
1,1459296442538,30,-40,59
1,1459296442542,29,-40,59
1,1459296442548,28,-40,58
1,1459296442550,27,-40,58
1,1459296442560,25,-40,58
1,1459296442562,23,-41,58
1,1459296442570,22,-40,57
1,1459296442572,20,-40,55
1,1459296442580,19,-39,55
1,1459296442582,17,-38,54
1,1459296442590,16,-38,55
1,1459296442592,16,-37,55
1,1459296442599,16,-35,55
1,1459296442602,16,-33,56
1,1459296442609,16,-31,60
1,1459296442612,16,-30,64
1,1459296442619,17,-30,64
1,1459296442622,17,-30,65
1,1459296442629,17,-30,66
1,1459296442632,16,-30,72
1,1459296442639,15,-30,73
1,1459296442642,14,-30,78
1,1459296442649,13,-30,79
1,1459296442652,12,-30,84
1,1459296442659,11,-30,85
1,1459296442662,11,-29,90
1,1459296442669,11,-27,91
1,1459296442672,11,-25,98
1,1459296442679,11,-24,102
1,1459296442682,11,-23,106
1,1459296442689,10,-22,112
1,1459296442692,8,-22,118
1,1459296442699,6,-22,122
1,1459296442703,5,-23,126
1,1459296442707,4,-23,132
1,1459296442713,3,-23,138
1,1459296442717,2,-23,144
1,1459296442723,1,-22,150
1,1459296442727,1,-22,156
1,1459296442733,2,-21,162
1,1459296442737,6,-19,170
1,1459296442743,6,-17,180
1,1459296442747,6,-12,188
1,1459296442753,6,-11,196
1,1459296442755,6,-6,206
1,1459296442764,5,-5,214
1,1459296442767,1,-3,222
1,1459296442774,0,-2,228
1,1459296442777,-7,-3,232
1,1459296442784,-11,-3,233
1,1459296442787,-18,-3,234
1,1459296442794,-24,-3,235
1,1459296442797,-35,-3,234
1,1459296442804,-44,-3,234
1,1459296442808,-53,-4,233
1,1459296442812,-58,-8,228
1,1459296442818,-59,-12,222
1,1459296442822,-60,-13,218
1,1459296442828,-61,-14,217
1,1459296442832,-62,-15,215
1,1459296442838,-62,-15,214
1,1459296442842,-61,-14,210
1,1459296442848,-59,-13,206
1,1459296442854,-57,-12,202
1,1459296442858,-56,-11,198
1,1459296442862,-56,-10,192
1,1459296442868,-55,-9,184
1,1459296442872,-54,-7,174
1,1459296442878,-53,-5,166
1,1459296442882,-48,-3,156
1,1459296442888,-43,-1,146
1,1459296442892,-37,4,140
1,1459296442898,-33,5,134
1,1459296442902,-28,6,128
1,1459296442908,-24,7,122
1,1459296442912,-20,6,116
1,1459296442918,-19,6,110
1,1459296442922,-17,5,104
1,1459296442928,-16,4,96
1,1459296442932,-15,4,90
1,1459296442938,-16,5,80
1,1459296442942,-20,4,72
1,1459296442948,-24,5,62
1,1459296442952,-25,5,54
1,1459296442958,-26,5,44
1,1459296442960,-27,4,38
1,1459296442969,-28,4,30
1,1459296442972,-29,3,20
1,1459296442979,-30,1,16
1,1459296442982,-31,0,8
1,1459296442989,-32,-1,4
1,1459296442992,-33,-6,-2
1,1459296442999,-33,-6,-6
1,1459296443003,-34,-7,-10
1,1459296443007,-38,-8,-11
1,1459296443013,-39,-14,-12
1,1459296443017,-43,-15,-16
1,1459296443023,-43,-16,-17
1,1459296443027,-44,-17,-18
1,1459296443033,-45,-18,-19
1,1459296443037,-50,-22,-19
1,1459296443043,-51,-23,-20
1,1459296443047,-52,-23,-24
1,1459296443053,-53,-23,-25
1,1459296443059,-53,-23,-26
1,1459296443063,-54,-23,-27
1,1459296443067,-54,-24,-28
1,1459296443073,-54,-25,-32
1,1459296443077,-54,-26,-33
1,1459296443083,-54,-27,-34
1,1459296443087,-54,-28,-35
1,1459296443093,-53,-29,-36
1,1459296443097,-52,-30,-37
1,1459296443103,-51,-31,-37
1,1459296443107,-49,-31,-36
1,1459296443113,-47,-31,-36
1,1459296443117,-43,-31,-36
1,1459296443123,-41,-30,-36
1,1459296443127,-37,-30,-36
1,1459296443133,-36,-29,-36
1,1459296443137,-35,-28,-36
1,1459296443143,-34,-27,-37
1,1459296443147,-32,-25,-38
1,1459296443153,-31,-24,-42
1,1459296443157,-30,-23,-43
1,1459296443163,-30,-22,-44
1,1459296443176,-29,-22,-45
1,1459296443189,-28,-22,-45
1,1459296443192,-27,-21,-43
1,1459296443197,-25,-20,-41
1,1459296443203,-24,-20,-36
1,1459296443207,-22,-19,-35
1,1459296443213,-21,-17,-33
1,1459296443217,-19,-15,-31
1,1459296443223,-17,-14,-29
1,1459296443227,-15,-14,-27
1,1459296443233,-13,-13,-26
1,1459296443237,-9,-12,-25
1,1459296443243,-9,-11,-23
1,1459296443247,-8,-9,-22
1,1459296443253,-7,-7,-21
1,1459296443257,-5,-2,-19
1,1459296443263,-4,-1,-14
1,1459296443267,-2,0,-8
1,1459296443273,-1,6,0
1,1459296443277,0,7,10
1,1459296443283,1,8,18
1,1459296443287,1,12,28
1,1459296443293,2,12,38
1,1459296443297,3,13,50
1,1459296443303,4,13,60
1,1459296443307,9,13,70
1,1459296443313,10,13,80
1,1459296443317,11,13,92
1,1459296443323,11,13,100
1,1459296443327,12,13,108
1,1459296443334,12,13,114
1,1459296443337,13,13,122
1,1459296443344,14,14,130
1,1459296443347,19,15,138
1,1459296443354,20,16,148
1,1459296443357,26,20,158
1,1459296443363,27,20,166
1,1459296443367,28,20,176
1,1459296443374,34,20,188
1,1459296443377,35,19,202
1,1459296443383,35,17,214
1,1459296443387,33,12,230
1,1459296443393,29,8,242
1,1459296443397,20,0,258
1,1459296443403,11,-6,272
1,1459296443407,-1,-14,286
1,1459296443413,-11,-18,296
1,1459296443417,-24,-24,304
1,1459296443423,-32,-28,305
1,1459296443427,-40,-34,305
1,1459296443433,-45,-35,303
1,1459296443437,-45,-35,298
1,1459296443443,-45,-34,292
1,1459296443447,-41,-28,286
1,1459296443453,-35,-24,280
1,1459296443457,-28,-18,272
1,1459296443463,-22,-14,268
1,1459296443467,-16,-14,264
1,1459296443473,-12,-14,260
1,1459296443477,-11,-13,260
1,1459296443483,-11,-12,260
1,1459296443487,-15,-13,261
1,1459296443493,-16,-14,262
1,1459296443497,-23,-20,262
1,1459296443503,-24,-21,261
1,1459296443507,-29,-22,254
1,1459296443513,-30,-23,250
1,1459296443517,-31,-23,240
1,1459296443523,-32,-23,230
1,1459296443527,-32,-22,218
1,1459296443533,-31,-21,204
1,1459296443537,-30,-19,192
1,1459296443543,-29,-14,178
1,1459296443547,-25,-13,164
1,1459296443553,-21,-8,154
1,1459296443557,-19,-8,144
1,1459296443563,-14,-4,136
1,1459296443567,-10,-3,126
1,1459296443573,-5,-2,118
1,1459296443577,0,-2,112
1,1459296443583,5,-2,106
1,1459296443587,10,-2,100
1,1459296443593,14,-2,96
1,1459296443597,18,-2,92
1,1459296443603,19,-2,86
1,1459296443609,20,-3,80
1,1459296443613,21,-3,76
1,1459296443617,21,-3,70
1,1459296443623,21,-4,66
1,1459296443627,21,-5,62
1,1459296443633,20,-5,58
1,1459296443637,19,-6,57
1,1459296443643,18,-7,55
1,1459296443647,17,-7,53
1,1459296443653,16,-8,51
1,1459296443657,14,-9,46
1,1459296443663,13,-9,45
1,1459296443667,9,-9,43
1,1459296443673,8,-9,38
1,1459296443677,8,-9,34
1,1459296443683,8,-9,33
1,1459296443687,8,-9,31
1,1459296443694,9,-8,26
1,1459296443697,9,-8,22
1,1459296443704,9,-8,21
1,1459296443707,9,-9,19
1,1459296443714,8,-9,17
1,1459296443717,7,-10,15
1,1459296443724,7,-11,13
1,1459296443727,7,-11,12
1,1459296443734,7,-10,12
1,1459296443748,6,-11,13
1,1459296443750,5,-11,13
1,1459296443762,5,-10,14
1,1459296443769,5,-10,15
1,1459296443772,6,-10,15
1,1459296443782,7,-11,16
1,1459296443789,8,-11,22
1,1459296443792,9,-11,26
1,1459296443799,13,-11,27
1,1459296443802,14,-11,34
1,1459296443809,20,-11,38
1,1459296443813,25,-11,46
1,1459296443817,30,-11,56
1,1459296443820,34,-12,68
1,1459296443828,35,-13,78
1,1459296443832,36,-14,98
1,1459296443838,41,-15,114
1,1459296443842,40,-20,134
1,1459296443848,33,-20,152
1,1459296443852,23,-21,168
1,1459296443858,15,-22,180
1,1459296443862,7,-26,186
1,1459296443868,1,-27,187
1,1459296443872,-6,-27,185
1,1459296443880,-14,-28,180
1,1459296443883,-25,-29,176
1,1459296443888,-33,-29,170
1,1459296443892,-34,-29,166
1,1459296443898,-35,-29,162
1,1459296443902,-35,-27,161
1,1459296443908,-36,-25,160
1,1459296443912,-41,-23,160
1,1459296443918,-46,-22,160
1,1459296443922,-53,-22,159
1,1459296443928,-59,-23,158
1,1459296443932,-69,-24,157
1,1459296443938,-75,-28,156
1,1459296443942,-83,-28,155
1,1459296443948,-88,-27,153
1,1459296443952,-93,-26,151
1,1459296443958,-97,-25,146
1,1459296443962,-101,-24,145
1,1459296443968,-102,-24,143
1,1459296443972,-103,-24,138
1,1459296443980,-109,-24,137
1,1459296443983,-113,-24,136
1,1459296443988,-118,-24,136
1,1459296443992,-119,-25,132
1,1459296443998,-120,-25,128
1,1459296444002,-119,-25,122
1,1459296444008,-118,-24,118
1,1459296444012,-113,-24,114
1,1459296444018,-112,-24,110
1,1459296444022,-107,-24,106
1,1459296444028,-103,-23,100
1,1459296444032,-101,-21,94
1,1459296444038,-96,-19,88
1,1459296444042,-94,-17,84
1,1459296444049,-90,-15,78
1,1459296444052,-88,-14,72
1,1459296444059,-86,-13,68
1,1459296444062,-82,-12,64
1,1459296444069,-78,-12,60
1,1459296444072,-77,-12,59
1,1459296444079,-72,-12,57
1,1459296444084,-71,-12,52
1,1459296444085,-70,-12,52
1,1459296444093,-68,-12,51
1,1459296444097,-67,-12,49
1,1459296444103,-66,-13,48
1,1459296444107,-66,-13,47
1,1459296444113,-66,-13,45
1,1459296444117,-67,-13,44
1,1459296444123,-66,-13,43
1,1459296444127,-65,-13,41
1,1459296444133,-64,-12,39
1,1459296444137,-60,-11,38
1,1459296444143,-59,-9,38
1,1459296444147,-55,-7,37
1,1459296444153,-54,-5,36
1,1459296444157,-52,-3,35
1,1459296444163,-48,-2,34
1,1459296444167,-48,-1,34
1,1459296444173,-47,0,34
1,1459296444177,-46,4,35
1,1459296444185,-44,5,35
1,1459296444188,-43,5,40
1,1459296444193,-42,5,44
1,1459296444197,-42,4,50
1,1459296444203,-42,4,54
1,1459296444207,-42,3,60
1,1459296444213,-42,2,64
1,1459296444217,-43,2,68
1,1459296444223,-44,2,72
1,1459296444227,-45,1,73
1,1459296444233,-49,0,74
1,1459296444237,-49,1,78
1,1459296444243,-48,1,79
1,1459296444247,-47,2,80
1,1459296444253,-45,8,84
1,1459296444257,-41,9,85
1,1459296444263,-40,14,86
1,1459296444267,-35,14,87
1,1459296444273,-33,15,88
1,1459296444277,-28,15,92
1,1459296444283,-27,15,93
1,1459296444289,-25,14,94
1,1459296444290,-24,14,98
1,1459296444298,-23,14,99
1,1459296444302,-23,14,104
1,1459296444308,-24,13,105
1,1459296444312,-28,12,106
1,1459296444318,-29,11,112
1,1459296444322,-33,10,113
1,1459296444328,-34,9,114
1,1459296444332,-35,4,122
1,1459296444338,-39,3,122
1,1459296444342,-40,1,126
1,1459296444348,-41,0,130
1,1459296444352,-42,0,131
1,1459296444358,-42,0,132
1,1459296444362,-42,-1,136
1,1459296444368,-41,-2,137
1,1459296444372,-40,-6,137
1,1459296444378,-40,-7,138
1,1459296444382,-39,-12,144
1,1459296444393,-40,-12,145
1,1459296444398,-40,-12,146
1,1459296444401,-40,-11,147
1,1459296444408,-40,-9,148
1,1459296444412,-41,-8,152
1,1459296444418,-42,-7,153
1,1459296444422,-42,-7,158
1,1459296444428,-42,-8,164
1,1459296444432,-41,-14,170
1,1459296444438,-41,-18,176
1,1459296444442,-41,-19,182
1,1459296444448,-40,-24,188
1,1459296444452,-39,-28,192
1,1459296444469,-39,-28,198
1,1459296444472,-38,-29,199
1,1459296444477,-36,-30,198
1,1459296444483,-27,-34,186
1,1459296444487,-21,-34,176
1,1459296444493,-16,-33,170
1,1459296444497,-10,-31,162
1,1459296444503,-5,-29,154
1,1459296444506,1,-27,148
1,1459296444513,6,-26,140
1,1459296444516,12,-25,132
1,1459296444523,16,-23,126
1,1459296444526,22,-22,118
1,1459296444533,26,-21,110
1,1459296444537,27,-20,102
1,1459296444544,32,-20,94
1,1459296444547,37,-21,88
1,1459296444554,38,-22,84
1,1459296444557,44,-23,78
1,1459296444564,45,-23,77
1,1459296444567,50,-24,75
1,1459296444574,51,-25,73
1,1459296444577,56,-26,71
1,1459296444583,56,-27,69
1,1459296444587,56,-28,67
1,1459296444593,55,-29,65
1,1459296444596,54,-30,63
1,1459296444603,53,-31,61
1,1459296444607,52,-32,56
1,1459296444613,51,-33,56
1,1459296444616,51,-33,52
1,1459296444623,50,-33,51
1,1459296444626,49,-33,49
1,1459296444633,49,-33,47
1,1459296444636,49,-32,46
1,1459296444647,48,-32,46
1,1459296444655,46,-32,47
1,1459296444657,45,-32,47
1,1459296444662,45,-32,48
1,1459296444668,46,-32,54
1,1459296444672,46,-32,58
1,1459296444678,46,-32,59
1,1459296444682,46,-33,64
1,1459296444688,46,-33,65
1,1459296444692,45,-33,70
1,1459296444698,43,-33,71
1,1459296444701,39,-33,72
1,1459296444708,38,-33,78
1,1459296444711,34,-32,79
1,1459296444735,33,-32,80
1,1459296444757,32,-31,88
1,1459296444782,30,-30,94
1,1459296444804,19,-29,110
1,1459296444824,10,-27,130
1,1459296444849,1,-38,162
1,1459296444868,-6,-44,182
1,1459296444892,-12,-22,202
1,1459296444917,-22,-8,214
1,1459296444935,-50,-12,238
1,1459296444959,-85,-30,250
1,1459296444984,-92,-26,220
1,1459296445004,-62,-2,166
1,1459296445027,-33,6,126
1,1459296445052,-21,5,100
1,1459296445073,-15,3,80
1,1459296445095,-22,2,50
1,1459296445120,-31,1,20
1,1459296445142,-27,0,-2
1,1459296445164,-20,0,-18
1,1459296445189,-19,-6,-30
1,1459296445214,-15,-10,-42
1,1459296445233,-15,-10,-52
1,1459296445254,-19,-14,-52
1,1459296445279,-18,-15,-48
1,1459296445299,-16,-22,-40
1,1459296445322,-8,-23,-24
1,1459296445347,-9,-22,-10
1,1459296445372,-22,-26,-4
1,1459296445393,-22,-30,-5
1,1459296445417,5,-12,-4
1,1459296445439,18,0,26
1,1459296445464,8,-10,74
1,1459296445487,8,-14,122
1,1459296445508,8,-26,216
1,1459296445532,-9,-44,282
1,1459296445557,-20,-62,308
1,1459296445578,-14,-82,330
1,1459296445598,-15,-74,310
1,1459296445623,-15,-60,262
1,1459296445643,-13,-50,206
1,1459296445665,-3,-34,142
1,1459296445690,6,-24,100
1,1459296445715,18,-18,66
1,1459296445734,29,-19,60
1,1459296445755,22,-20,48
1,1459296445780,15,-21,36
1,1459296445802,14,-21,24
1,1459296445820,13,-16,14
1,1459296445845,17,-15,10
1,1459296445864,22,-15,11
1,1459296445887,21,-16,16
1,1459296445912,22,-12,22
1,1459296445934,29,-4,38
1,1459296445953,24,0,66
1,1459296445978,15,0,104
1,1459296445998,10,-1,148
1,1459296446020,-25,-6,210
1,1459296446045,-47,0,216
1,1459296446070,-48,1,224
1,1459296446093,-70,0,220
1,1459296446114,-93,-4,186
1,1459296446138,-99,0,154
1,1459296446163,-80,8,120
1,1459296446183,-61,9,104
1,1459296446203,-66,-2,92
1,1459296446228,-71,-8,78
1,1459296446248,-66,-4,56
1,1459296446269,-52,-3,36
1,1459296446294,-39,-2,32
1,1459296446315,-33,-6,32
1,1459296446334,-33,-2,32
1,1459296446359,-27,6,31
1,1459296446379,-25,12,26
1,1459296446399,-17,18,34
1,1459296446424,-18,22,60
1,1459296446444,-30,18,92
1,1459296446467,-37,19,132
1,1459296446492,-37,28,158
1,1459296446514,-33,20,194
1,1459296446534,-19,8,2